Humidity,Temperature
74,44.47039536578803
77,37.47420868117099
94,48.565338508254506
97,44.229521303491374
97,35.73505092082961
39,22.768092977201803
51,29.82218099429753
66,29.28917489796779
42,32.34877311993804
88,36.728171627006176
95,47.72879258650723
69,33.56408074987083
76,45.66389607179229
67,40.846793849501424
55,28.27473712848458
39,21.390812598010868
50,20.561071261849435
99,39.59601765888036
77,36.760439253369235
94,47.7817448455199
